<?xml version="1.0" encoding="UTF-8"?>
<!DOCTYPE mapper PUBLIC "-//mybatis.org//DTD Mapper 3.0//EN" "http://mybatis.org/dtd/mybatis-3-mapper.dtd">
<mapper namespace="club.banyuan.hello.mapper.PersonMapper">
	<resultMap id="BaseResultMap" type="club.banyuan.hello.entity.PersonEntity">
		<id column="id" jdbcType="INTEGER" property="id"/>
        <result column="name" jdbcType="VARCHAR" property="name"/>
        <result column="age" jdbcType="INTEGER" property="age"/>
	</resultMap>
	<sql id="Base_Column_List">
		id, name, age
	</sql>
	<select id="total" parameterType="Map" resultType="int">
		select count(*) from person
	</select>
	<select id="getById" parameterType="java.lang.Integer" resultMap="BaseResultMap">
		select <include refid="Base_Column_List"></include> from person where id= #{id}
	</select>
	<select id="getAll" resultMap="BaseResultMap">
		select <include refid="Base_Column_List"></include> from person
	</select>
	<insert id="insert" parameterType="club.banyuan.hello.entity.PersonEntity">
		insert into person(name, age) values(#{name}, #{age})
	</insert>
	<update id="updateById" parameterType="club.banyuan.hello.entity.PersonEntity">
		update person
		<set>
			<if test="name != null">
				name = #{name},
			</if>
			<if test="age != null">
				age = #{age},
			</if>
		</set>
		where id = #{id}
	</update>
	<delete id="deleteById" parameterType="java.lang.Integer">
	    delete from person where id = #{id}
	</delete>
</mapper>