<?xml version="1.0" encoding="UTF-8" ?>
<!DOCTYPE mapper PUBLIC "-//mybatis.org//DTD Mapper 3.0//EN" "http://mybatis.org/dtd/mybatis-3-mapper.dtd" >
<mapper namespace="club.banyuan.mapper.EndlotMapper" >
  <resultMap id="BaseResultMap" type="club.banyuan.entity.Endlot" >
    <!--
      WARNING - @mbg.generated
    -->
    <id column="endlotId" property="endlotid" jdbcType="INTEGER" />
    <result column="lotId" property="lotid" jdbcType="INTEGER" />
    <result column="userId" property="userid" jdbcType="INTEGER" />
    <result column="beginTime" property="begintime" jdbcType="TIMESTAMP" />
    <result column="endTime" property="endtime" jdbcType="TIMESTAMP" />
    <result column="beginPrice" property="beginprice" jdbcType="DOUBLE" />
    <result column="endPrice" property="endprice" jdbcType="DOUBLE" />
  </resultMap>
</mapper>